ITEM;PICTURE;NAME1;NAME2;H_INDEX;PERCENTAGE_MODAL_NAME;PERCENTAGE_VALID_RESPONSES;NUMBER_DIFFERENT_RESPONSES;PERCENTAGE_UNKNOWN_RESPONSES;PERCENTAGE_IDIOSYNCRATIC_RESPONSES;VISUAL_COMPLEXITY
1;PICTURE_1;mouse;;0,587930373;85,85858586;99;2;0;1;3,15
2;PICTURE_2;tyre;;0,996390619;53,53535354;99;2;0;1;2,73
3;PICTURE_3;steps;;1,122296192;49,49494949;99;3;0;1;1,98
4;PICTURE_4;church;;0,858981037;71,73913043;92;2;3;5;3,14
5;PICTURE_5;shoulder;;1,18976766;69,56521739;92;3;5;3;2,17
6;PICTURE_6;chin;;0,579262605;88,88888889;99;3;0;1;1,878787879
7;PICTURE_7;fairy;;0,474132766;91,83673469;98;3;0;2;3,01
8;PICTURE_8;leg;;0,288538514;94,94949495;99;2;0;1;2,33
9;PICTURE_9;shower;;0;100;99;1;0;1;2,79
10;PICTURE_10;steak;;1,53272599;68,65671642;67;6;25;8;3,25
11;PICTURE_11;burger;;0,337576423;94,94949495;99;3;0;1;3,1
12;PICTURE_12;mermaid;;0;100;97;1;1;2;2,72
13;PICTURE_13;leg;;1,53003215;46,39175258;97;3;1;2;2,2
14;PICTURE_14;dressing gown;;1,257981686;69,6969697;99;4;0;1;2,57
15;PICTURE_15;lion;;0;100;99;1;0;1;3,26
16;PICTURE_16;hunter;;1,619014173;50;92;6;4;4;3,36
17;PICTURE_17;devil;;0,477747375;91,75257732;97;3;1;2;3,18
18;PICTURE_18;planet;;1,304459122;48,42105263;95;3;4;1;2,52
19;PICTURE_19;turkey;;1,426294852;73,11827957;93;6;6;1;3,78
20;PICTURE_20;skeleton;;0;100;100;1;0;0;3,1
21;PICTURE_21;boxer;;0;100;100;1;0;0;2,82
22;PICTURE_22;campsite;;0,964799549;61;100;2;0;0;2,87
23;PICTURE_23;bike;;0;100;99;1;0;1;3
24;PICTURE_24;bone;;0;100;100;1;0;0;1,4
25;PICTURE_25;leopard;;1,459799773;60,60606061;99;4;1;0;3,78
26;PICTURE_26;onion;;0;100;91;1;4;5;2,8
27;PICTURE_27;prisoner;;1,49647394;67,34693878;98;6;0;2;2,77
28;PICTURE_28;microscope;;0,793631231;82,55813953;86;3;13;1;3,49
29;PICTURE_29;cowboy;;0;100;98;1;0;2;3,07
30;PICTURE_30;farm;;0,14372617;97,95918367;98;2;0;2;3,767676768
31;PICTURE_31;miner;;0,622973442;89,77272727;88;4;8;4;3,3
32;PICTURE_32;crown;;0;100;98;1;0;2;3,35
33;PICTURE_33;frame;;1,628092615;50;94;4;3;3;2,23
34;PICTURE_34;cupcake;;2,04088419;38,04347826;92;6;4;4;2,53
35;PICTURE_35;ear;;0,141440543;98;100;2;0;0;2,38
36;PICTURE_36;beetle;;2,102461773;39,56043956;91;5;5;4;2,98
37;PICTURE_37;doughnut;;0;100;99;1;0;1;2,31
38;PICTURE_38;spider;;0;100;99;1;0;1;2,39
39;PICTURE_39;pocket;;0,298940797;95,69892473;93;3;6;1;2,34
40;PICTURE_40;clover;;0,716618381;87,5;96;4;2;2;2,212121212
41;PICTURE_41;market;;2,120125805;38,1443299;97;7;1;2;3,52
42;PICTURE_42;pear;;0;100;99;1;0;1;2,23
43;PICTURE_43;hairbrush;;1,162872082;51,51515152;99;3;0;1;2,25
44;PICTURE_44;claw;;0,543564443;87,5;96;2;4;0;2,66
45;PICTURE_45;tambourine;;0,513249544;90,90909091;88;3;11;1;2,8
46;PICTURE_46;screwdriver;;0,286838905;95,91836735;98;3;2;0;2,34
47;PICTURE_47;desert;;0,342978951;94,84536082;97;3;3;0;3,28
48;PICTURE_48;fireman;;0,688047624;81,63265306;98;2;1;1;2,86
49;PICTURE_49;mansion;;2,219608118;42,10526316;95;8;3;2;3,07
50;PICTURE_50;bald;;1,668986033;56,12244898;98;4;1;1;2,53
51;PICTURE_51;hanging;;1,885316092;41,02564103;78;6;18;4;2,8
52;PICTURE_52;saw;;0;100;95;1;2;3;1,98
53;PICTURE_53;bag;;0,970859493;77,55102041;98;3;0;2;1,91
54;PICTURE_54;necklace;;1,410146458;62,62626263;99;4;0;1;2,34
55;PICTURE_55;shadow;;0;100;98;1;2;0;2,33
56;PICTURE_56;elbow;;0,195909271;96,96969697;99;2;1;0;2,13
57;PICTURE_57;stamp;;0,679449644;88,7755102;98;4;0;2;2,63
58;PICTURE_58;gardener;;1,126893587;60,63829787;94;3;2;4;3,26
59;PICTURE_59;shirt;;1,51930837;46,875;96;5;2;2;2,44
60;PICTURE_60;lumberjack;;2,523212705;45,07042254;71;9;22;7;3,29
61;PICTURE_61;newspaper;;0,832420581;79,76190476;84;3;5;11;2,5
62;PICTURE_62;wasp;;0,866841192;81,91489362;94;4;4;2;3,25
63;PICTURE_63;balcony;;0,908243133;77,08333333;96;3;1;3;2,84
64;PICTURE_64;button;;0;100;98;1;1;1;1,808080808
65;PICTURE_65;bum;;1,242663666;72,16494845;97;4;0;3;1,909090909
66;PICTURE_66;roof;;0;100;95;1;3;2;2,73
67;PICTURE_67;sofa;;0,671601271;85,85858586;99;3;0;1;2,08
68;PICTURE_68;candle;;0;100;99;1;0;1;2,48
69;PICTURE_69;banana;;0;100;100;1;0;0;2,36
70;PICTURE_70;orchestra;;1,171832247;76,34408602;93;5;5;2;3,69
71;PICTURE_71;trophy;;0,830828165;79,3814433;97;3;1;2;2,37
72;PICTURE_72;cheese;;0,79434669;76,04166667;96;2;3;1;2,474747475
73;PICTURE_73;wave;;0;100;95;1;1;4;3,11
74;PICTURE_74;tractor;;0,371232327;92,85714286;98;2;2;0;3,34
75;PICTURE_75;balloon;;0;100;100;1;0;0;1,81
76;PICTURE_76;broccoli;;0,298940797;95,69892473;93;3;3;4;2,81
77;PICTURE_77;camel;;0;100;98;1;2;0;3,717171717
78;PICTURE_78;key;;0;100;100;1;0;0;2,08
79;PICTURE_79;keyboard;;0;100;97;1;0;3;2,05
80;PICTURE_80;helicopter;;0;100;100;1;0;0;3,15
81;PICTURE_81;meat;;0,729881874;87,64044944;89;4;6;5;3,28
82;PICTURE_82;park;;0,615018229;88,42105263;95;3;2;3;3,79
83;PICTURE_83;heart;;0;100;100;1;0;0;1,45
84;PICTURE_84;mask;;0,348574912;94,73684211;95;3;4;1;3,56
85;PICTURE_85;diamond;;0,195909271;96,96969697;99;2;0;1;2,67
86;PICTURE_86;river;;1,894728645;62,22222222;90;8;4;6;2,73
87;PICTURE_87;robot;;0;100;97;1;0;3;2,76
88;PICTURE_88;crutches;;0,554778163;87,09677419;93;2;5;2;2,11
89;PICTURE_89;safe;;1,608998724;49,01960784;51;4;40;9;2,76
90;PICTURE_90;moon;;0,771279482;82,10526316;95;3;0;5;1,41
91;PICTURE_91;mouth;;0;100;98;1;0;2;2,94
92;PICTURE_92;seal;;0,731064443;87,5;96;4;3;1;3,05
93;PICTURE_93;skateboard;;0,295181743;94,79166667;96;2;2;2;1,8
94;PICTURE_94;belly;;1,642000643;46,93877551;98;6;0;2;1,96
95;PICTURE_95;suitcase;;0,244141642;95,95959596;99;2;0;1;2,4
96;PICTURE_96;milk;;0,712904561;89;100;5;0;0;2,21
97;PICTURE_97;feather;;0,286396957;95;100;2;0;0;2,29
98;PICTURE_98;tiger;;0,327444919;94;100;2;0;0;3,48
99;PICTURE_99;painting;;0,831510185;80,6122449;98;3;0;2;2,99
100;PICTURE_100;nose;;0;100;100;1;0;0;1,878787879
101;PICTURE_101;drum kit;;0;100;98;1;0;2;2,535353535
102;PICTURE_102;hair;;0;100;99;1;0;1;2,888888889
103;PICTURE_103;gallery;;1,210477476;71,57894737;95;5;4;1;3,234693878
104;PICTURE_104;lift;;0,893173458;69;100;2;0;0;2,44
105;PICTURE_105;deer;;1,003766754;73,62637363;91;3;6;3;3,24
106;PICTURE_106;greenhouse;;0,30149693;95,65217391;92;3;4;4;2,98
107;PICTURE_107;saxophone;;1,260572862;76,04166667;96;6;4;0;3,31
108;PICTURE_108;calendar;;0;100;99;1;0;1;2,47
109;PICTURE_109;gym;;0;100;99;1;0;1;3,18
110;PICTURE_110;table;;0,830683636;73,73737374;99;2;0;1;2,19
111;PICTURE_111;dragon;;0;100;99;1;0;1;3,31
112;PICTURE_112;lung;;0,15374218;97,77777778;90;2;5;5;3,06
113;PICTURE_113;lake;;0,908210974;84,61538462;91;5;4;5;2,46
114;PICTURE_114;fruit;;0;100;100;1;0;0;2,97
115;PICTURE_115;hippo;;0,255930044;95,69892473;93;2;6;1;3,02
116;PICTURE_116;fire;;0,327444919;94;100;2;0;0;2,97
117;PICTURE_117;horse;;0,642361502;86,86868687;99;3;0;1;3,55
118;PICTURE_118;cut;;1,523751632;59,375;96;5;0;4;3,07
119;PICTURE_119;nut;walnut;1,528664799;43,83561644;73;4;21;6;3,49
120;PICTURE_120;pot;;1,867029865;56,09756098;82;6;14;4;2,58
121;PICTURE_121;maze;;0,195909271;96,96969697;99;2;1;0;2,83
122;PICTURE_122;chair;;0;100;100;1;0;0;2,32
123;PICTURE_123;dart;;0,549097778;89,79591837;98;3;2;0;2,1
124;PICTURE_124;corner;;0,82069673;79,7979798;99;3;0;1;1,94
125;PICTURE_125;kiwi;;0;100;93;1;5;2;3,02
126;PICTURE_126;parachute;;0,320014863;94,18604651;86;2;11;3;2,45
127;PICTURE_127;sack;;0,981267789;76,84210526;95;4;4;1;2,18
128;PICTURE_128;doll;;0,853019966;83,83838384;99;4;0;1;2,88
129;PICTURE_129;lemon;;0,371232327;92,85714286;98;2;0;2;2,65
130;PICTURE_130;waistcoat;;2,054981176;45,16129032;93;6;3;4;2,42
131;PICTURE_131;singer;;0,905795736;78,35051546;97;3;0;3;3,07
132;PICTURE_132;tag;;0,807167555;75,25773196;97;2;0;3;2,21
133;PICTURE_133;snake;;1,202237907;61,61616162;99;3;0;1;3,38
134;PICTURE_134;wool;;1,800653863;54,63917526;97;6;1;2;2,3
135;PICTURE_135;suit;;0,14257333;97,97979798;99;2;0;1;2,62
136;PICTURE_136;melon;;1,142296737;76,62337662;77;4;22;1;2,939393939
137;PICTURE_137;rat;;0,74148274;79;100;2;0;0;2,87
138;PICTURE_138;fridge;;0,436469817;91;100;2;0;0;2,68
139;PICTURE_139;ghost;;0;100;99;1;0;1;1,47
140;PICTURE_140;tap;;0,195909271;96,96969697;99;2;0;1;2,57
141;PICTURE_141;sunflower;;0,539935733;87,62886598;97;2;0;3;3,16
142;PICTURE_142;glass;;0,195909271;96,96969697;99;2;0;1;2,1
143;PICTURE_143;angel;;1,642504772;49,47368421;95;4;5;0;2,78
144;PICTURE_144;bull fighter;;1,678868425;45,45454545;55;4;32;13;3,2
145;PICTURE_145;bin;;0;100;100;1;0;0;2,16
146;PICTURE_146;olive;;0;100;73;1;22;5;1,79
147;PICTURE_147;hanger;;0,778011304;77;100;2;0;0;2
148;PICTURE_148;pipe;;0,450251183;92,47311828;93;3;6;1;2,15
149;PICTURE_149;keyhole;;1,119110332;62,22222222;90;3;9;1;2,06
150;PICTURE_150;puddle;;0,723443662;87,62886598;97;4;3;0;3,06
151;PICTURE_151;tray;;0;100;96;1;0;4;1,85
152;PICTURE_152;snail;;0;100;99;1;1;0;3,38
153;PICTURE_153;cigarette;;0,33228663;93,87755102;98;2;0;2;2,7
154;PICTURE_154;dominoes;;0;100;92;1;6;2;2,72
155;PICTURE_155;bullet;;0,230709956;96,25;80;2;16;4;2,22
156;PICTURE_156;recorder;;1,103527632;58,06451613;93;3;6;1;2,14
157;PICTURE_157;princess;;1,39423804;73,19587629;97;6;1;2;3,09
158;PICTURE_158;controller;;1,345591828;73,46938776;98;5;0;2;2,58
159;PICTURE_159;beard;;0;100;98;1;0;2;3,27
160;PICTURE_160;wheelbarrow;;0,151096971;97,82608696;92;2;8;0;2,81
161;PICTURE_161;tie;;0;100;99;1;1;0;2,26
162;PICTURE_162;xbox;;1,976771372;42,70833333;96;5;0;4;2,818181818
163;PICTURE_163;coconut;;0;100;98;1;2;0;2,72
164;PICTURE_164;road;;0;100;99;1;0;1;2,31
165;PICTURE_165;belt;;0;100;100;1;0;0;2,48
166;PICTURE_166;pearl;;1,269002605;72,63157895;95;4;4;1;3,05
167;PICTURE_167;lace;;0,536359651;87,75510204;98;2;1;1;2,07
168;PICTURE_168;stadium;;0,988269175;70,10309278;97;3;0;3;3,4
169;PICTURE_169;back;;0,14257333;97,97979798;99;2;0;1;2,32
170;PICTURE_170;goal;;1,304962273;74,74747475;99;6;0;1;2,61
171;PICTURE_171;goalkeeper;;0,808463596;86,86868687;99;5;0;1;2,99
172;PICTURE_172;parrot;;0,40217919;92;100;2;0;0;3,74
173;PICTURE_173;pharmacy;;0,862510738;81,44329897;97;3;0;3;3,31
174;PICTURE_174;banister;;2,016021233;46,25;80;6;16;4;2,41
175;PICTURE_175;artist;;1,106964116;56;100;3;0;0;3,07
176;PICTURE_176;knight;;1,40851496;47,77777778;90;3;8;2;3,01
177;PICTURE_177;mushroom;;0,536359651;87,75510204;98;2;2;0;2,16
178;PICTURE_178;bridge;;0,772517385;85,26315789;95;4;4;1;2,8
179;PICTURE_179;easel;;1,819675689;48;75;6;19;6;2,4
180;PICTURE_180;tail;;1,74092616;50;96;4;2;2;2,777777778
181;PICTURE_181;triangle;;0;100;100;1;0;0;1,24
182;PICTURE_182;head;;0,928067282;65,65656566;99;2;0;1;1,74
183;PICTURE_183;eagle;;1,918120727;47,36842105;95;5;2;3;3,44
184;PICTURE_184;witch;;0;100;100;1;0;0;3,18
185;PICTURE_185;football;;0,472189385;89,8989899;99;2;0;1;2,06
186;PICTURE_186;engine;;0,590723919;89,47368421;76;3;22;2;3,7
187;PICTURE_187;city;;1,403706467;67,36842105;95;4;0;5;3,4
188;PICTURE_188;warehouse;;1,458478495;66,27906977;86;5;7;7;3,29
189;PICTURE_189;crocodile;;0,880027048;70,10309278;97;2;3;0;3,6
190;PICTURE_190;rain;;0,896755016;68,68686869;99;2;0;1;1,68
191;PICTURE_191;salad;;0,587664451;88,65979381;97;3;2;1;2,95
192;PICTURE_192;thermometer;;0,16232618;97,61904762;84;2;15;1;2,09
193;PICTURE_193;jellyfish;;0,152406999;97,8021978;91;2;6;3;3,1
194;PICTURE_194;mattress;;1,947490502;58,33333333;60;7;35;5;2,58
195;PICTURE_195;sailor;;1,339869045;63,04347826;92;5;6;2;3,22
196;PICTURE_196;computer;;0,244141642;95,95959596;99;2;0;1;2,58
197;PICTURE_197;compass;;0,779914061;83,33333333;78;3;20;2;2,89
198;PICTURE_198;fortune teller;;2,190292178;45,23809524;84;8;10;6;3,06122449
199;PICTURE_199;skirt;;0,207310186;96,73913043;92;2;5;3;2,63
200;PICTURE_200;trumpet;;0,481423361;91,66666667;96;3;2;2;2,66
201;PICTURE_201;pea;;1,968851511;41,46341463;82;5;13;5;2,43
202;PICTURE_202;fishing rod;;0,489554045;91,75257732;97;3;1;2;2,43
203;PICTURE_203;cap;;0,855450811;72;100;2;0;0;2,35
204;PICTURE_204;printer;;0;100;99;1;0;1;2,99
205;PICTURE_205;ankle;;0,290715865;94,89795918;98;2;0;2;2,41
206;PICTURE_206;paint roller;;0,810599851;85,41666667;96;4;2;2;2,16
207;PICTURE_207;scar;;0,935298854;83,15789474;95;5;1;4;2,15
208;PICTURE_208;microphone;;0;100;100;1;0;0;2,45
209;PICTURE_209;boomerang;;0,216396932;96,55172414;87;2;9;4;2,26
210;PICTURE_210;nipple;;0,980572498;77,55102041;98;3;1;1;2,45
211;PICTURE_211;beetle;;1,516203712;64,77272727;88;5;9;3;2,92
212;PICTURE_212;scales;;0,588107823;88,76404494;89;3;11;0;2,35
213;PICTURE_213;policeman;;1,84901088;49,47368421;95;6;1;4;3,25
214;PICTURE_214;bedroom;;0,14257333;97,97979798;99;2;0;1;3,252525253
215;PICTURE_215;boot;;1,575399109;57,57575758;99;5;0;1;2,94
216;PICTURE_216;hammer;;0,672361456;88,88888889;90;4;9;1;1,96
217;PICTURE_217;photographer;;1,278341339;68,42105263;95;4;0;5;2,95
218;PICTURE_218;nappy;;0,730809504;83,67346939;98;3;0;2;3,02
219;PICTURE_219;washing line;;2,736370741;37,20930233;86;10;10;4;2,46
220;PICTURE_220;seagull;;0,904433878;75,51020408;98;3;0;2;2,86
221;PICTURE_221;dummy;;0,292929951;94,84536082;97;2;1;2;2,36
222;PICTURE_222;knee;;0,405020133;91,91919192;99;2;0;1;2,23
223;PICTURE_223;zip;;0;100;100;1;0;0;2,66
224;PICTURE_224;Paint brush;;0,830683636;73,73737374;99;2;1;0;2,35
225;PICTURE_225;peas;;1,427631571;53,125;96;3;1;3;2,36
226;PICTURE_226;train;;0,499915958;89;100;2;0;0;2,96
227;PICTURE_227;wall;;0,14372617;97,95918367;98;2;1;1;2,75
228;PICTURE_228;acorn;;1,220096301;78,31325301;83;6;10;7;2,92
229;PICTURE_229;beer;;1,553215383;69,89247312;93;7;2;5;2,6
230;PICTURE_230;court;;1,415166135;61,9047619;84;4;12;4;2,727272727
231;PICTURE_231;chest;;1,472781268;60,43956044;91;5;5;4;2,48
232;PICTURE_232;llama;;1,481903707;55,81395349;86;4;13;1;3,5
233;PICTURE_233;salt;;1,005180581;77;100;3;0;0;2,26
234;PICTURE_234;plate;;1,08418372;80;80;5;17;3;2,19
235;PICTURE_235;needle;;0,14372617;97,95918367;98;2;0;2;2,07
236;PICTURE_236;giraffe;;0;100;97;1;3;0;3,61
237;PICTURE_237;cheese;;2,3666152;39,7260274;73;8;26;1;3,02
238;PICTURE_238;puzzle;;0,893173458;69;100;2;0;0;2,21
239;PICTURE_239;woman;;1,185920599;72,04301075;93;4;3;4;2,7
240;PICTURE_240;castle;;1,34942499;63,73626374;91;4;6;3;2,464646465
241;PICTURE_241;eye;;0;100;99;1;0;1;3,78
242;PICTURE_242;postman;;0,78549347;81,44329897;97;3;0;3;2,86
243;PICTURE_243;beret;;1,258359523;54,16666667;96;3;2;2;2,31
244;PICTURE_244;lightbulb;;0,61361902;84,84848485;99;2;0;1;2,41
245;PICTURE_245;roots;;0,14257333;97,97979798;99;2;0;1;2,313131313
246;PICTURE_246;dentist;;0;100;99;1;0;1;3,49
247;PICTURE_247;brain;;0;100;100;1;0;0;3,21
248;PICTURE_248;cart;;2,005742268;54,32098765;81;6;18;1;2,85
249;PICTURE_249;potato;;0;100;95;1;4;1;2,32
250;PICTURE_250;chainsaw;;0,645752333;83,51648352;91;2;6;3;3,11
251;PICTURE_251;pot;;1,958583873;33,73493976;83;5;14;3;2,47
252;PICTURE_252;lizard;;0;100;90;1;5;5;3,22
253;PICTURE_253;choir;;0,14609425;97,91666667;96;2;0;4;3,070707071
254;PICTURE_254;butcher;;0,337290067;93,75;96;2;1;3;3,1
255;PICTURE_255;shovel;;0,928362072;65,625;96;2;3;1;2,13
256;PICTURE_256;letter;;1,478562214;73,19587629;97;7;2;1;2,37
257;PICTURE_257;cave;;0,849631236;84,74576271;59;4;27;14;3,252525253
258;PICTURE_258;baguette;;1,485788327;57,73195876;97;5;0;3;2,12
259;PICTURE_259;cone;;0;100;97;1;1;2;2
260;PICTURE_260;island;;0;100;100;1;0;0;3,02
261;PICTURE_261;lamp post;;1,790309516;61,2244898;98;6;1;1;2,34
262;PICTURE_262;torch;;0,503258335;88,88888889;99;2;0;1;2,31
263;PICTURE_263;rabbit;;1,410912632;46,93877551;98;5;2;0;3,22
264;PICTURE_264;hand;;0,242292189;96;100;2;0;0;2,37
265;PICTURE_265;pirate;;0;100;92;1;5;3;3,16
266;PICTURE_266;heel;;0,368556778;92,92929293;99;2;0;1;1,95
267;PICTURE_267;knot;;0,663611313;88,54166667;96;4;3;1;2,070707071
268;PICTURE_268;bed;;0;100;100;1;0;0;2,585858586
269;PICTURE_269;chameleon;;1,557986874;53,93258427;89;4;9;2;3,55
270;PICTURE_270;arrow;;0;100;98;1;0;2;1,64
271;PICTURE_271;rabbit;;0,365923651;93;100;2;0;0;3,32
272;PICTURE_272;executioner;;2,424881448;48,33333333;60;9;33;7;2,76
273;PICTURE_273;bus;;0,195909271;96,96969697;99;2;0;1;3,11
274;PICTURE_274;smoke;;2,182271859;44,18604651;86;6;10;4;2,88
275;PICTURE_275;cape;;1,196951877;74,44444444;90;5;3;7;2,41
276;PICTURE_276;hook;;1,621140417;63,23529412;68;5;26;6;2,03
277;PICTURE_277;wig;;0,872475205;70,70707071;99;2;1;0;2,46
278;PICTURE_278;drum;;0;100;99;1;0;1;2,68
279;PICTURE_279;rock;;1,513504717;53,62318841;69;4;30;1;2,68
280;PICTURE_280;neck;;0,713603607;80,41237113;97;2;1;2;2,42
281;PICTURE_281;pomegranate;;0,946637392;83,11688312;77;5;20;3;3,171717172
282;PICTURE_282;rhino;;0;100;98;1;1;1;3,09
283;PICTURE_283;limo;;0,141440543;98;100;2;0;0;2,56
284;PICTURE_284;necklace;;1,833784536;48,91304348;92;6;4;4;2,42
285;PICTURE_285;carrot;;0;100;100;1;0;0;2,31
286;PICTURE_286;tunnel;;0;100;96;1;1;3;2,6
287;PICTURE_287;vein;;0,342978951;94,84536082;97;3;2;1;2,11
288;PICTURE_288;forest;;1,214610704;65,65656566;99;4;0;1;3,04
289;PICTURE_289;nail;;1,317715795;50,50505051;99;3;0;1;2,19
290;PICTURE_290;cage;;0;100;99;1;0;1;2,93
291;PICTURE_291;trigger;;1,09747064;70,21276596;94;4;3;3;2,7
292;PICTURE_292;compass;;0;100;90;1;6;4;2,65
293;PICTURE_293;dinosaur;;0,147310667;97,89473684;95;2;3;2;3,03
294;PICTURE_294;plumber;;0,205592508;96,77419355;93;2;3;4;2,89
295;PICTURE_295;flag;;0;100;100;1;0;0;1,53
296;PICTURE_296;bolt;nut;1,960988146;34,93975904;83;5;11;6;2,595959596
297;PICTURE_297;aeroplane;;0,997401589;53;100;2;0;0;2,72
298;PICTURE_298;paella;;2,555805781;49,41176471;85;12;9;6;3,12
299;PICTURE_299;ostrich;;0,784243952;86,51685393;89;4;10;1;3,13
300;PICTURE_300;thread;;1,562020267;60,21505376;93;5;3;4;2,58
301;PICTURE_301;sword;;0;100;94;1;1;5;2,29
302;PICTURE_302;taxi;;1,701573639;41,4893617;94;5;3;3;3,1
303;PICTURE_303;mime;;0,793562624;85,86956522;92;4;6;2;2,98989899
304;PICTURE_304;cot;;1,064466192;76;100;4;0;0;2,888888889
305;PICTURE_305;letterbox;;1,439095806;45,74468085;94;3;4;2;2,38
306;PICTURE_306;bike;;0,996240114;53,60824742;97;2;3;0;2,97
307;PICTURE_307;wing;;0,33228663;93,87755102;98;2;1;1;2,58
308;PICTURE_308;dice;;0,141440543;98;100;2;0;0;1,92
309;PICTURE_309;ice cream;;0;100;100;1;0;0;2,16
310;PICTURE_310;envelope;;0,989747029;76;100;3;0;0;1,68
311;PICTURE_311;razor;;0,825345966;84,21052632;95;4;3;2;2,42
312;PICTURE_312;flower;;0;100;97;1;0;3;3,25
313;PICTURE_313;barber;;1,116278082;53,53535354;99;3;0;1;3,08
314;PICTURE_314;perfume;;0,873182937;85,56701031;97;5;0;3;2,41
315;PICTURE_315;spaceship;;1,292777375;62,5;96;4;0;4;2,83
316;PICTURE_316;shell;;1,831906838;39,39393939;66;4;30;4;2,72
317;PICTURE_317;soldier;;0,709512886;80,6122449;98;2;0;2;2,97
318;PICTURE_318;leaf;;0;100;98;1;1;1;2,515151515
319;PICTURE_319;cow;;0;100;100;1;0;0;2,84
320;PICTURE_320;church;;1,396182222;74,19354839;93;7;5;2;3,01
321;PICTURE_321;chair;;1,616159258;46,39175258;97;4;0;3;2,545454545
322;PICTURE_322;logs;;1,310178101;53,06122449;98;3;0;2;2,84
323;PICTURE_323;owl;;0,195909271;96,96969697;99;2;0;1;3,76
324;PICTURE_324;fish dish;;0,661617906;82,82828283;99;2;0;1;3,12
325;PICTURE_325;television;;0,14257333;97,97979798;99;2;0;1;2,42
326;PICTURE_326;tomato;;0;100;99;1;0;1;1,94
327;PICTURE_327;helmet;;0;100;97;1;1;2;2,84
328;PICTURE_328;barrells;;2,00476645;42,10526316;76;7;19;5;2,9
329;PICTURE_329;pregnant;;0,53881685;91,66666667;96;4;0;4;2,79
330;PICTURE_330;crocodile;;1,138344857;63,15789474;95;3;3;2;3,55
331;PICTURE_331;bra;;0;100;100;1;0;0;2,37
332;PICTURE_332;bird;;2,155926217;47,25274725;91;7;8;1;3,21
333;PICTURE_333;cupcake;;1,370950594;60;100;3;0;0;2,7
334;PICTURE_334;chess board;;1,189419763;76,84210526;95;5;3;2;2,31
335;PICTURE_335;butter;;0,297472249;94,73684211;95;2;4;1;2,69
336;PICTURE_336;ruler;;0;100;97;1;2;1;1,89
337;PICTURE_337;monster;;1,642032575;54,54545455;66;5;31;3;3,34
338;PICTURE_338;present;;0,718129519;85;100;3;0;0;2,31
339;PICTURE_339;backpack;;1,559951925;41,41414141;99;3;0;1;2,565656566
340;PICTURE_340;mirror;;0;100;100;1;0;0;2,262626263
341;PICTURE_341;flipper;;0;100;83;1;14;3;2,828282828
342;PICTURE_342;night;;1,85368064;57,77777778;90;6;3;7;2,88
343;PICTURE_343;bottle;;0;100;99;1;0;1;1,74
344;PICTURE_344;fountain;;2,071910905;55,95238095;84;8;12;4;2,797979798
345;PICTURE_345;grape;;1,461420314;70,78651685;89;6;7;4;2,54
346;PICTURE_346;net;;0;100;95;1;3;2;2,505050505
347;PICTURE_347;money;;0,541188403;90;100;3;0;0;3,11
348;PICTURE_348;pepper;;0,14257333;97,97979798;99;2;0;1;2,31
349;PICTURE_349;lock;;0,999699543;51,02040816;98;2;1;1;2,09
350;PICTURE_350;bible;;0;100;100;1;0;0;2,1
351;PICTURE_351;butterfly;;0,141440543;98;100;2;0;0;3,22
352;PICTURE_352;fan;;1,135287371;74,46808511;94;4;4;2;2,38
353;PICTURE_353;T-shirt;;0,694816731;85;100;3;0;0;1,96
354;PICTURE_354;goat;;0,286838905;95,91836735;98;3;1;1;2,84
355;PICTURE_355;deer;;1,269225705;73,86363636;88;5;11;1;2,68
356;PICTURE_356;pawn;;1,485371313;45,16129032;93;3;6;1;2,25
357;PICTURE_357;guitar;;0;100;99;1;1;0;2,7
358;PICTURE_358;car;;0;100;100;1;0;0;2,6
359;PICTURE_359;knife;;0;100;100;1;0;0;1,84
360;PICTURE_360;tree;;0;100;98;1;0;2;2,303030303
361;PICTURE_361;dolphin;;0;100;100;1;0;0;2,9
362;PICTURE_362;pool;;0;100;98;1;1;1;2,53
363;PICTURE_363;fan;;0;100;99;1;1;0;2,64
364;PICTURE_364;car;;1,642117701;45,83333333;96;4;2;2;2,53
365;PICTURE_365;hedgehog;;0;100;95;1;3;2;3,51
366;PICTURE_366;blood;;1,69890036;49,48453608;97;4;2;1;2,31
367;PICTURE_367;spear;;1,235428329;73,4939759;83;5;11;6;2,060606061
368;PICTURE_368;fan;;0;100;97;1;3;0;2,29
369;PICTURE_369;pot;;1,3584051;60,20408163;98;3;1;1;2,29
370;PICTURE_370;scorpion;;0,39785271;93,68421053;95;3;3;2;2,76
371;PICTURE_371;grasshopper;;1,429985016;62,76595745;94;4;5;1;3,26
372;PICTURE_372;toucan;;1,94590879;38,04347826;92;5;7;1;3
373;PICTURE_373;cauliflower;;1,004792126;71,73913043;92;3;6;2;3,02020202
374;PICTURE_374;gold;;1,316191228;63,91752577;97;5;0;3;2,090909091
375;PICTURE_375;circus;;1,169291527;48,95833333;96;3;4;0;2,62
376;PICTURE_376;sculptor;;1,452555124;72,72727273;77;6;19;4;3,13
377;PICTURE_377;bib;;0,359101626;93,18181818;88;2;10;2;2,84
378;PICTURE_378;lobster;;0,520508661;90,625;96;3;2;2;3,06
379;PICTURE_379;zebra;;0;100;100;1;0;0;3,02
380;PICTURE_380;gorilla;;0,526904356;90,81632653;98;3;0;2;3,68
381;PICTURE_381;strawberry;;0;100;100;1;0;0;2,6
382;PICTURE_382;wallet;;0;100;99;1;0;1;2,33
383;PICTURE_383;coin;;0,606090653;90;100;4;0;0;2,54
384;PICTURE_384;oven;;1,324353623;76,04166667;96;6;1;3;2,84
385;PICTURE_385;treasure chest;;1,871488874;36,73469388;98;5;0;2;2,85
386;PICTURE_386;bomb;;0;100;99;1;0;1;1,95
387;PICTURE_387;stapler;;0;100;99;1;1;0;2,52
388;PICTURE_388;bag;;1,023775576;67;100;3;0;0;2,28
389;PICTURE_389;aerial;;1,995643181;43,02325581;86;6;10;4;2,96
390;PICTURE_390;snow;;1,341140753;66,66666667;99;4;0;1;1,69
391;PICTURE_391;chain;;0;100;96;1;2;2;2,33
392;PICTURE_392;teapot;;0,66776345;88,7755102;98;4;1;1;2,02
393;PICTURE_393;man;;2,304060385;32,87671233;73;6;20;7;3,18
394;PICTURE_394;cat;;1,528486042;68,18181818;88;7;7;5;3,66
395;PICTURE_395;pillow;;2,306054781;36,26373626;91;7;5;4;2,55
396;PICTURE_396;atm;;1,466691783;44,79166667;96;3;1;3;2,82
397;PICTURE_397;onion;;1,298554917;71,875;64;5;29;7;2,52
398;PICTURE_398;steering wheel;;1,162872082;51,51515152;99;3;0;1;2,13
399;PICTURE_399;ballerina;;1,257140763;66;100;3;0;0;2,64
400;PICTURE_400;duck;;0,47853391;92;100;3;0;0;3,7
401;PICTURE_401;onion;;0,934231351;75,36231884;69;3;26;5;3,11
402;PICTURE_402;chalkboard;;1,920434144;43,87755102;98;5;0;2;2,4
403;PICTURE_403;cathedral;;2,053265844;45,05494505;91;6;5;4;3,6
404;PICTURE_404;dragonfly;;1,466539857;68,75;96;5;3;1;3,7
405;PICTURE_405;anchor;;0,151096971;97,82608696;92;2;6;2;2,49
406;PICTURE_406;rooster;;2,100259314;34,69387755;98;6;1;1;3,5
407;PICTURE_407;mountain;;0;100;96;1;1;3;3,050505051
408;PICTURE_408;finger;;0;100;100;1;0;0;2,73
409;PICTURE_409;cork;;0,220283267;96,47058824;85;2;12;3;3,44
410;PICTURE_410;pistachio;;1,133483607;63,26530612;49;3;43;8;2,93
411;PICTURE_411;fist;;0,144899618;97,93814433;97;2;0;3;2,515151515
412;PICTURE_412;factory;;0,55666344;91,30434783;92;4;6;2;2,89
413;PICTURE_413;tattoo;;0;100;97;1;1;2;2,27
414;PICTURE_414;lamp;;0,195909271;96,96969697;99;2;0;1;2,19
415;PICTURE_415;letterbox;;2,046315957;42,70833333;96;5;3;1;2,555555556
416;PICTURE_416;sock;;0;100;100;1;0;0;2,37
417;PICTURE_417;trumpet;;1,29496299;51,61290323;93;4;5;2;2,2
418;PICTURE_418;curtain;;0;100;97;1;0;3;2,38
419;PICTURE_419;elf;;2,004878566;41,46341463;82;6;14;4;2,85
420;PICTURE_420;throne;;0,881290899;70;100;2;0;0;2,66
421;PICTURE_421;squid;;0,596573482;90,47619048;84;4;16;0;2,93
422;PICTURE_422;axe;;0,634067881;87,91208791;91;3;7;2;1,99
423;PICTURE_423;egg;;0;100;100;1;0;0;2,48
424;PICTURE_424;car park;;0,651607034;87,87878788;99;3;0;1;3,02
425;PICTURE_425;bagpipes;;0;100;75;1;20;5;2,81
426;PICTURE_426;comb;;0,32984607;93,93939394;99;2;1;0;2,05
427;PICTURE_427;blind man;;1,214992927;75,75757576;99;5;0;1;3,07
428;PICTURE_428;crab;;0,14372617;97,95918367;98;2;2;0;2,818181818
429;PICTURE_429;paddle;;1,386938096;55,69620253;79;4;17;4;2,11
430;PICTURE_430;bird;;0,98690699;80,20833333;96;4;1;3;3,46
431;PICTURE_431;glove;;0,999337504;51,51515152;99;2;1;0;2,04
432;PICTURE_432;knight;;2,050128439;47,19101124;89;8;8;3;3,18
433;PICTURE_433;bell;;0,14257333;97,97979798;99;2;0;1;2,3
434;PICTURE_434;teacher;;0,368556778;92,92929293;99;2;0;1;3,05
435;PICTURE_435;bell;;0,771150462;84,12698413;63;3;34;3;2,11
436;PICTURE_436;girl;;0,286396957;95;100;2;0;0;2,646464646
437;PICTURE_437;cannon;;0,519844084;92,13483146;89;4;10;1;2,74
438;PICTURE_438;thumb;;0;100;99;1;1;0;2,22
439;PICTURE_439;volcano;;0,194391858;97;100;2;0;0;3,22
440;PICTURE_440;statue;;0,715030825;87,75510204;98;4;1;1;3,18
441;PICTURE_441;sausage;;1,136390622;75,30864198;81;4;14;5;2,88
442;PICTURE_442;pineapple;;0;100;99;1;1;0;2,89
443;PICTURE_443;teacher;;0;100;99;1;0;1;2,83
444;PICTURE_444;peep hole;;2,031713728;51,76470588;85;7;13;2;2,88
445;PICTURE_445;nest;;0;100;91;1;8;1;3,01
446;PICTURE_446;pig;;0,529360865;88;100;2;0;0;2,808080808
447;PICTURE_447;star;;0;100;100;1;0;0;1,272727273
448;PICTURE_448;jar;;0;100;96;1;1;3;1,828282828
449;PICTURE_449;bench;;0,141440543;98;100;2;0;0;2,202020202
450;PICTURE_450;magician;;0,849015128;84,61538462;91;4;2;7;3,12
451;PICTURE_451;king;;0;100;99;1;0;1;3,659793814
452;PICTURE_452;watch;;0;100;100;1;0;0;2,36
453;PICTURE_453;scissors;;0;100;98;1;2;0;1,9
454;PICTURE_454;chicken;;1,270400262;70,70707071;99;4;0;1;3,17
455;PICTURE_455;foot;;0,286396957;95;100;2;0;0;1,85
456;PICTURE_456;oil;;1,448994985;66,66666667;87;6;9;4;2,75
457;PICTURE_457;pyramid;;1,003776107;81,39534884;86;5;11;3;2,88
458;PICTURE_458;wardrobe;;1,236612493;71,57894737;95;5;2;3;2,28
459;PICTURE_459;mine;;1,230696281;61,2244898;98;4;2;0;3,46
460;PICTURE_460;blanket;;1,479650713;59,79381443;97;4;1;2;2,69
461;PICTURE_461;gun;;0,468995594;90;100;2;0;0;2,323232323
462;PICTURE_462;fly;;0,631865295;89,69072165;97;4;1;2;3,53
463;PICTURE_463;rectangle;;1,381740059;70,70707071;99;5;0;1;1,262626263
464;PICTURE_464;rubber;;0,924707209;75;84;3;13;3;2,24
465;PICTURE_465;knife;;1,134236723;76,28865979;97;4;1;2;2,565656566
466;PICTURE_466;judge;;0,39785271;93,68421053;95;3;2;3;3,09
467;PICTURE_467;peg;;0,423048816;91,39784946;93;2;4;3;2,11
468;PICTURE_468;screen;;1,893727365;35,35353535;99;4;0;1;2,23
469;PICTURE_469;stool;;1,194281143;59,79381443;97;3;1;2;2,07
470;PICTURE_470;motorbike;;2,077386808;39,79591837;98;5;0;2;3,59
471;PICTURE_471;delivery man;;1,578534107;64,89361702;94;6;1;5;2,9
472;PICTURE_472;square;;0,80212243;82,65306122;98;3;0;2;1,25
473;PICTURE_473;arm;;0,14257333;97,97979798;99;2;0;1;1,93
474;PICTURE_474;money;;1,096139159;63,63636364;99;3;1;0;3,05
475;PICTURE_475;tram;;1,28999249;52,04081633;98;3;1;1;3,26
476;PICTURE_476;apron;;0;100;94;1;2;4;2,56
477;PICTURE_477;avocado;;0,391243564;92,30769231;78;2;19;3;2,47
478;PICTURE_478;sink;;0;100;100;1;0;0;2,47
479;PICTURE_479;kangaroo;;0;100;97;1;2;1;2,84
480;PICTURE_480;rose;;0;100;100;1;0;0;2,8
481;PICTURE_481;curb;;1,502882943;56,62650602;83;4;8;9;2,74
482;PICTURE_482;boat;;0,81718902;82,65306122;98;3;1;1;2,626262626
483;PICTURE_483;corridor;;1,411539189;44,44444444;99;3;1;0;2,444444444
484;PICTURE_484;squirrel;;0;100;97;1;2;1;3,13
485;PICTURE_485;nail;;1,136485394;73,40425532;94;4;4;2;1,88
486;PICTURE_486;cell;;1,273667611;64,64646465;99;3;0;1;3,04
487;PICTURE_487;basket;;0;100;99;1;1;0;2,878787879
488;PICTURE_488;sun;;0;100;100;1;0;0;1,84
489;PICTURE_489;pizza;;0;100;100;1;0;0;2,71
490;PICTURE_490;handle;;0,474132766;91,83673469;98;3;1;1;2,17
491;PICTURE_491;rug;;1,043635233;74,74747475;99;3;0;1;2,3
492;PICTURE_492;nun;;0,350563821;93,40659341;91;2;5;4;3,01
493;PICTURE_493;skunk;;0,551899616;90,2173913;92;3;6;2;3,32
494;PICTURE_494;moustache;;0;100;97;1;2;1;3,11
495;PICTURE_495;harbour;;2,709376261;40,90909091;88;11;5;7;3,62
496;PICTURE_496;circle;;0;100;99;1;1;0;1,29
497;PICTURE_497;coffin;;0,291548959;95,83333333;96;3;1;3;2,17
498;PICTURE_498;mug;;1,273381048;55;100;3;0;0;1,868686869
499;PICTURE_499;boy;;0,676197461;85,71428571;98;3;0;2;2,73
500;PICTURE_500;stairs;;0,976500469;59;100;2;0;0;2,74
501;PICTURE_501;shield;;0,152406999;97,8021978;91;2;7;2;2,7
502;PICTURE_502;farmer;;1,2522569;63,44086022;93;4;3;4;3,191919192
503;PICTURE_503;tongue;;0,242292189;96;100;2;0;0;1,89
504;PICTURE_504;wheel;;1,301053162;70;90;4;7;3;2,387755102
505;PICTURE_505;book;;0;100;100;1;0;0;2,3
506;PICTURE_506;lightning;;0,640300037;87,62886598;97;3;1;2;2,86
507;PICTURE_507;baby;;0;100;99;1;0;1;3,08
508;PICTURE_508;box;;0;100;100;1;0;0;1,83
509;PICTURE_509;telephone;;0;100;99;1;0;1;2,48
510;PICTURE_510;face;;0,195909271;96,96969697;99;2;0;1;2,59
511;PICTURE_511;leg (of meat);;1,678862862;52,5;40;4;54;6;3,31
512;PICTURE_512;eye patch;;0,687706775;86,59793814;97;3;2;1;2,17
513;PICTURE_513;lips;;0;100;98;1;0;2;2,69
514;PICTURE_514;submarine;;0,368115005;92,94117647;85;2;7;8;2,52
515;PICTURE_515;flowers;;1,677793352;64;100;6;0;0;2,54
516;PICTURE_516;calculator;;0;100;100;1;0;0;2,19
517;PICTURE_517;rope;;0;100;99;1;1;0;2,06
518;PICTURE_518;glass;;0,426342091;93;100;3;0;0;2,101010101
519;PICTURE_519;dancer;;1,895419969;48,48484848;99;5;1;0;2,83
520;PICTURE_520;brick;;0,838691034;84,84848485;66;4;27;7;2,53
521;PICTURE_521;fox;;0;100;97;1;1;2;3,23
522;PICTURE_522;house;;0,478623413;92,92929293;99;4;0;1;3,5
523;PICTURE_523;wire;;0,792706922;82,29166667;96;3;3;1;2,35
524;PICTURE_524;indian;;1,878360897;51,2195122;82;6;12;6;3,78
525;PICTURE_525;shrimp;;1,721824004;48,86363636;88;6;9;3;2,9
526;PICTURE_526;waitress;;1,791300583;65,625;96;9;2;2;2,93
527;PICTURE_527;photo;;1,445278473;47,87234043;94;4;3;3;3,21
528;PICTURE_528;swan;;0,199023775;96,90721649;97;2;2;1;2,94
529;PICTURE_529;walrus;;1,106985649;77,64705882;85;5;11;4;3,57
530;PICTURE_530;fence;;0,472189385;89,8989899;99;2;1;0;2,1
531;PICTURE_531;turtle;;1,28624184;61,45833333;96;3;2;2;3,43
532;PICTURE_532;clown;;0;100;100;1;0;0;3,060606061
533;PICTURE_533;shark;;0;100;99;1;0;1;2,82
534;PICTURE_534;record;;1,948358116;36,73469388;98;5;2;0;2,59
535;PICTURE_535;truck;;0,970950594;60;100;2;0;0;2,85
536;PICTURE_536;branch;;0,568995594;90;100;3;0;0;2,19
537;PICTURE_537;fingerprint;;0,541188403;90;100;3;0;0;2,858585859
538;PICTURE_538;jacket;;1,378359204;54;100;4;0;0;2,32
539;PICTURE_539;astronaut;;0,819020247;80;95;3;5;0;3,22
540;PICTURE_540;lighthouse;;0,144899618;97,93814433;97;2;2;1;2,77
541;PICTURE_541;shoe;;0,327444919;94;100;2;0;0;2,98
542;PICTURE_542;fireplace;;0;100;98;1;0;2;2,6
543;PICTURE_543;breast;;1,529237139;45,16129032;93;3;6;1;2,12
544;PICTURE_544;doctor;;0;100;98;1;1;1;2,84
545;PICTURE_545;knickers;;1,61588038;58,58585859;99;5;0;1;2,55
546;PICTURE_546;door;;0;100;100;1;0;0;1,96
547;PICTURE_547;bat;;0;100;99;1;1;0;3,44
548;PICTURE_548;gun;;3,032810634;27,5862069;87;12;3;10;2,82
549;PICTURE_549;snake;;0;100;100;1;0;0;2,36
550;PICTURE_550;wool;;1,553309503;69,3877551;98;6;1;1;2,89
551;PICTURE_551;pumpkin;;0;100;98;1;2;0;2,61
552;PICTURE_552;apple;;0;100;97;1;3;0;2,39
553;PICTURE_553;beach;;2,481986811;50,54945055;91;10;4;5;2,878787879
554;PICTURE_554;puppet;;0,291548959;95,83333333;96;3;1;3;2,89
555;PICTURE_555;breakfast;;0,993275742;72,16494845;97;3;1;2;3,34
556;PICTURE_556;pill;;0,615954233;87,75510204;98;3;1;1;1,76
557;PICTURE_557;wolf;;0,626632998;88,42105263;95;3;1;4;3,383838384
558;PICTURE_558;lighter;;0;100;97;1;2;1;2,52
559;PICTURE_559;cucumber;;0,972349602;81,72043011;93;4;4;3;2,6
560;PICTURE_560;watermelon;;0,705469041;80,80808081;99;2;1;0;2,72
561;PICTURE_561;caterpillar;;0;100;91;1;4;5;3,1
562;PICTURE_562;toaster;;0,529360865;88;100;2;0;0;2
563;PICTURE_563;vulture;;1,896860205;51,11111111;90;6;8;2;3,98
564;PICTURE_564;spoon;;0;100;100;1;0;0;1,56
565;PICTURE_565;bell;;0;100;100;1;0;0;2,404040404
566;PICTURE_566;violin;;0,848617608;84,375;96;4;3;1;2,98
567;PICTURE_567;pocket;;1,943671068;40,74074074;81;6;18;1;2,69
568;PICTURE_568;castle;;0,14609425;97,91666667;96;2;1;3;3,05
569;PICTURE_569;tooth;;0,376715003;92,70833333;96;2;3;1;3,01
570;PICTURE_570;bull;;0,354375263;94,62365591;93;3;5;2;3,04040404
571;PICTURE_571;magnet;;0,376715003;92,70833333;96;2;4;0;1,68
572;PICTURE_572;juggler;;0,679258286;88,17204301;93;4;5;2;2,84
573;PICTURE_573;aubergine;;1,689939137;61,64383562;73;6;25;2;2,31
574;PICTURE_574;gladiator;;2,465654751;48,38709677;93;10;6;1;3,02
575;PICTURE_575;beak;;0,144899618;97,93814433;97;2;2;1;2,56
576;PICTURE_576;glove;;0;100;100;1;0;0;2,21
577;PICTURE_577;iceberg;;1,19126617;77,41935484;93;5;4;3;2,99
578;PICTURE_578;eyebrow;;0,896755016;68,68686869;99;2;0;1;2,88
579;PICTURE_579;elephant;;0;100;99;1;0;1;2,909090909
580;PICTURE_580;nurse;;0;100;99;1;0;1;3
581;PICTURE_581;asparagus;;0,48217919;92;75;3;20;5;2,55
582;PICTURE_582;lab;;0;100;96;1;1;3;3,52
583;PICTURE_583;ship;;1,389532877;51,04166667;96;4;0;4;3,111111111
584;PICTURE_584;toad;;0,992476004;55,10204082;98;2;1;1;3,48
585;PICTURE_585;ant;;0,666048038;87,5;96;3;4;0;2,89
586;PICTURE_586;iron;;0;100;100;1;0;0;2,44
587;PICTURE_587;corn;;0,709512886;80,6122449;98;2;0;2;2,94
588;PICTURE_588;bracelet;;0,144899618;97,93814433;97;2;1;2;2,73
589;PICTURE_589;bedroom;;0,141440543;98;100;2;0;0;3,16
590;PICTURE_590;broom;;0,334767613;93,81443299;97;2;0;3;2,39
591;PICTURE_591;towel;;1,013229372;68,47826087;92;3;3;5;2,32
592;PICTURE_592;lettuce;;0,987639382;76,59574468;94;4;3;3;2,77
593;PICTURE_593;chocolate;;0;100;99;1;0;1;2,38
594;PICTURE_594;needle;;1,377061656;58,16326531;98;3;1;1;2,66
595;PICTURE_595;cube;;1,106289658;65,97938144;97;3;1;2;1,6
596;PICTURE_596;folder;;2,746990263;30,85106383;94;10;2;4;1,97
597;PICTURE_597;window;;0,532835063;87,87878788;99;2;1;0;2,88
598;PICTURE_598;dart board;;0,490221221;92,70833333;96;4;2;2;2,49
599;PICTURE_599;cloud;;0;100;92;1;3;5;1,58
600;PICTURE_600;tribesman;;2,079864462;58,33333333;84;9;13;3;3,43
601;PICTURE_601;koala;;0,151096971;97,82608696;92;2;3;5;3,51
602;PICTURE_602;priest;;0,989347499;80,8988764;89;5;4;7;2,828282828
603;PICTURE_603;graveyard;;0,717741809;80,20833333;96;2;2;2;3,09
604;PICTURE_604;tobacco;;1,731704334;53,33333333;75;6;19;6;3,01
605;PICTURE_605;harp;;0,15374218;97,77777778;90;2;9;1;2,98
606;PICTURE_606;cat;;0,950672093;63;100;2;0;0;3,59
607;PICTURE_607;jumper;;0,821073664;83,50515464;97;4;0;3;2,6
608;PICTURE_608;condom;;0,16232618;97,61904762;84;2;15;1;2,515151515
609;PICTURE_609;pencil case;;0;100;99;1;0;1;2,59
610;PICTURE_610;honey;;0;100;97;1;1;2;2,8
611;PICTURE_611;plant;;0,913714303;82,82828283;99;4;0;1;2,67
612;PICTURE_612;frog;;0,14257333;97,97979798;99;2;1;0;2,777777778
613;PICTURE_613;hoodie;;0,584238812;86;100;2;0;0;2,5
614;PICTURE_614;queen;;0;100;99;1;0;1;3,15
615;PICTURE_615;briefcase;;1,040534066;82,82828283;99;6;0;1;2,23
616;PICTURE_616;biscuit;;1,240804733;76,74418605;43;5;49;8;2,59
617;PICTURE_617;airport;;0;100;95;1;1;4;3,05
618;PICTURE_618;cabin;;2,656299206;40;95;11;3;2;3,489795918
619;PICTURE_619;soap;;0,413888922;93,42105263;76;3;19;5;2,38
620;PICTURE_620;grapes;;1,511602431;62,10526316;95;5;3;2;2,494949495
621;PICTURE_621;tank;;0,209059806;96,7032967;91;2;5;4;3,11
622;PICTURE_622;chalk;;0,702916775;86,17021277;94;3;3;3;2,414141414
623;PICTURE_623;prison;;1,006377291;81,92771084;83;5;13;4;2,83
624;PICTURE_624;donkey;;0,251862848;95,78947368;95;2;1;4;3,01
625;PICTURE_625;sledge;;1,267946122;65,16853933;89;3;9;2;2,38
626;PICTURE_626;piano;;0;100;99;1;0;1;3,07
627;PICTURE_627;sausage;;0,396623283;93,81443299;97;3;2;1;1,949494949
628;PICTURE_628;scarf;;0;100;100;1;0;0;3,060606061
629;PICTURE_629;pier;;0,994030211;54,54545455;88;2;5;7;3,11
630;PICTURE_630;barrell;;0,581888678;89,18918919;74;3;23;3;2,62
631;PICTURE_631;burglar;;1,39752014;50;100;3;0;0;2,61
632;PICTURE_632;path;;2,470716577;46,23655914;93;10;3;4;2,38
633;PICTURE_633;funnel;;0,661771981;87,5;88;3;10;2;2,29
634;PICTURE_634;dynamite;;1,656381202;61,53846154;91;5;7;2;2,59
635;PICTURE_635;pig;;1,800720313;44,31818182;88;5;11;1;3,35
636;PICTURE_636;sheep;;0,334944487;95;100;3;0;0;3,04
637;PICTURE_637;bear;;0;100;99;1;1;0;3,24
638;PICTURE_638;heater;;1,129271854;61,62790698;86;3;11;3;2,7
639;PICTURE_639;artichoke;;2,833028171;22,91666667;48;8;47;5;2,65
640;PICTURE_640;cactus;;0;100;94;1;6;0;3,37
641;PICTURE_641;concert;;1,796273141;64,21052632;95;8;3;2;3,2
642;PICTURE_642;notebook;;1,531606668;46,46464646;99;3;0;1;2,17
643;PICTURE_643;cleavage;;2,164122198;43,47826087;92;6;2;6;2,22
644;PICTURE_644;coat;;0,368556778;92,92929293;99;2;1;0;2,494949495
645;PICTURE_645;gun;;1,343964534;58;100;3;0;0;2,32
646;PICTURE_646;stump;;1,867150769;51,57894737;95;5;3;2;3,28
647;PICTURE_647;buffalo;;2,567664997;29,87012987;77;8;19;4;3,55
648;PICTURE_648;mosquito;;1,814181626;52,12765957;94;5;3;3;3,29
649;PICTURE_649;ambulance;;0;100;99;1;0;1;2,63
650;PICTURE_650;sponge;;0,927641093;82,27848101;79;4;18;3;3,06
651;PICTURE_651;soup;;1,5540158;64,44444444;90;5;9;1;2,37
652;PICTURE_652;ferris wheel;;1,367038412;67,74193548;93;5;5;2;3,404040404
653;PICTURE_653;umbrella;;0;100;100;1;0;0;2,39
654;PICTURE_654;pencil;;0;100;100;1;0;0;1,99
655;PICTURE_655;megaphone;;2,578285747;34,52380952;84;8;12;4;2,38
656;PICTURE_656;battery;;0;100;100;1;0;0;2,27
657;PICTURE_657;medal;;0;100;99;1;1;0;2,46
658;PICTURE_658;crow;;1,284711206;54,16666667;96;3;1;3;2,94
659;PICTURE_659;radio;;0,583206835;89,58333333;96;3;0;4;2,85
660;PICTURE_660;clarinet;;1,706431521;54,21686747;83;6;16;1;3,171717172
661;PICTURE_661;drawer;;0,14372617;97,95918367;98;2;1;1;2,36
662;PICTURE_662;pelican;;1,552604729;57,64705882;85;5;13;2;3,343434343
663;PICTURE_663;pillar;;1,095905052;71,60493827;81;3;12;7;2,44
664;PICTURE_664;dress;;0;100;99;1;0;1;2,38
665;PICTURE_665;panther;;1,874494589;48,93617021;94;5;4;2;3,232323232
666;PICTURE_666;coffee;;0,373951367;92,78350515;97;2;0;3;3,09
667;PICTURE_667;daisy;;0,956294006;62,24489796;98;2;0;2;2,65
668;PICTURE_668;chicken;;1,033753707;73,73737374;99;4;0;1;2,71
669;PICTURE_669;pilot;;0,425904404;93,93939394;99;4;0;1;3,33
670;PICTURE_670;boat wheel;;2,11331943;42,42424242;99;6;0;1;2,99
671;PICTURE_671;braces;;1,452219732;67,5;80;5;11;9;2,35
672;PICTURE_672;bee;;1,373634152;63,63636364;99;4;0;1;3,04
673;PICTURE_673;fork;;0;100;100;1;0;0;1,57
674;PICTURE_674;doll;;1,201991606;49;100;3;0;0;2,53
675;PICTURE_675;windmill;;0,149811367;97,84946237;93;2;5;2;2,96
676;PICTURE_676;walking stick;;0,780753625;76,84210526;95;2;3;2;1,94
677;PICTURE_677;map;;0,14257333;97,97979798;99;2;0;1;2,91
678;PICTURE_678;horn;;0,874931588;70,51282051;78;2;17;5;2,48
679;PICTURE_679;fish bones;;1,345054864;60,82474227;97;3;1;2;1,92
680;PICTURE_680;bow;;0,6498088;90,32258065;93;5;5;2;2,454545455
681;PICTURE_681;rocket;;0,351448821;94,68085106;94;3;2;4;2,78
682;PICTURE_682;penguin;;0;100;99;1;1;0;2,55
683;PICTURE_683;caravan;;0,416844196;91,57894737;95;2;2;3;2,74
684;PICTURE_684;peanut;;1,64831905;48,8372093;86;5;13;1;3,17
685;PICTURE_685;goose;;1,546511876;56,52173913;92;4;7;1;3,212121212
686;PICTURE_686;great wall of china;;1,337608013;75,78947368;95;7;2;3;3,79
687;PICTURE_687;shirt;;0,337576423;94,94949495;99;3;0;1;2,14
688;PICTURE_688;runner;;0,694816731;85;100;3;0;0;2,92
689;PICTURE_689;fish tank;;0,995080382;80,80808081;99;4;0;1;3,04
690;PICTURE_690;hat;;0,32984607;93,93939394;99;2;0;1;1,98989899
691;PICTURE_691;man;;0,144899618;97,93814433;97;2;2;1;2,838383838
692;PICTURE_692;cherry;;0;100;98;1;1;1;1,97
693;PICTURE_693;tree;;0;100;100;1;0;0;2,03
694;PICTURE_694;hug;;0,610450865;88,54166667;96;3;0;4;2,67
695;PICTURE_695;orange;;0,288538514;94,94949495;99;2;0;1;2,67
696;PICTURE_696;man;;0,932386816;84,375;96;5;2;2;2,73
697;PICTURE_697;peach;;1,922238355;62,35294118;85;8;13;2;2,71
698;PICTURE_698;earring;;0,14257333;97,97979798;99;2;1;0;2,64
699;PICTURE_699;telescope;;0,972160007;85,41666667;96;7;4;0;2,79
700;PICTURE_700;spot;;1,094106797;75;100;4;0;0;2,35
701;PICTURE_701;wrinkles;;0,995849341;75;96;3;1;3;2,78
702;PICTURE_702;fire extinguisher;;0,486287418;92,78350515;97;4;3;0;2,5
703;PICTURE_703;eagle;;1,094691621;72,91666667;96;3;2;2;3,34
704;PICTURE_704;prince;;2,654912416;40,24390244;82;10;10;8;3
705;PICTURE_705;girl;;1,659311969;46,46464646;99;5;0;1;2,79
706;PICTURE_706;drop;;2,271936544;29,89690722;97;5;0;3;2
707;PICTURE_707;dog;;0,368556778;92,92929293;99;2;0;1;3,16
708;PICTURE_708;monkey;;1,556721871;52,52525253;99;4;0;1;3,77
709;PICTURE_709;swimming;;0;100;100;1;0;0;3,12
710;PICTURE_710;doctor;;0,141440543;98;100;2;0;0;3,05
711;PICTURE_711;lawnmower;;0,337290067;93,75;96;2;3;1;2,97979798
712;PICTURE_712;skull;;0,242292189;96;100;2;0;0;2,15
713;PICTURE_713;boat;;1,159573073;54,16666667;96;3;2;2;2,49
714;PICTURE_714;shakespeare;;2,247817352;37,87878788;66;7;26;8;3,22
715;PICTURE_715;pool table;;0,884963636;69,6969697;99;2;0;1;2,868686869
716;PICTURE_716;fire;flame;1,846139494;35,71428571;84;5;13;3;2,333333333
717;PICTURE_717;accordion;;1,34907668;65,90909091;44;4;52;4;3,15
718;PICTURE_718;trousers;;0,597186217;88,88888889;99;3;0;1;2,42
719;PICTURE_719;bathroom;;0,529360865;88;100;2;0;0;2,9
720;PICTURE_720;kite;;0;100;98;1;2;0;3,08
721;PICTURE_721;camera;;0;100;100;1;0;0;2,75
722;PICTURE_722;wheat;;1,394531546;74,41860465;86;7;10;4;2,37
723;PICTURE_723;cards;;1,538315703;68,36734694;98;6;0;2;2,1
724;PICTURE_724;whale;;0,302173618;94,62365591;93;2;4;3;2,888888889
725;PICTURE_725;cigarette;;1,176551937;77,52808989;89;5;7;4;3,03
726;PICTURE_726;waiter;;0,197453004;96,93877551;98;2;1;1;2,91
727;PICTURE_727;hose;;0,650022422;83,33333333;96;2;4;0;2,2
728;PICTURE_728;octopus;;0,79359123;76,08695652;92;2;5;3;3,27
729;PICTURE_729;statue of liberty;;0,718698093;84,21052632;95;3;3;2;3,39
730;PICTURE_730;kitchen;;0;100;100;1;0;0;3,29
731;PICTURE_731;digger;;1,364700338;76,74418605;86;7;11;3;2,79
732;PICTURE_732;ball;;0,676197461;85,71428571;98;3;2;0;2,11
733;PICTURE_733;glasses;;0;100;98;1;0;2;2,272727273
734;PICTURE_734;washing machine;;0,195909271;96,96969697;99;2;0;1;2,89
735;PICTURE_735;ice cube;;0,811278124;75;100;2;0;0;2,64
736;PICTURE_736;wizard;;0,939953529;84,14634146;82;5;16;2;3,15
737;PICTURE_737;pants;;2,031482949;35,35353535;99;5;1;0;2,707070707
738;PICTURE_738;bird;;1,514408241;47,47474747;99;3;1;0;3,14
739;PICTURE_739;cross;;1,869062805;61,29032258;93;7;4;3;1,97
740;PICTURE_740;fisherman;;0,82069673;79,7979798;99;3;0;1;3,03030303
741;PICTURE_741;sweet;;0,246022578;95,91836735;98;2;0;2;2,454545455
742;PICTURE_742;pope;;1,482023699;56,84210526;95;4;1;4;3,31
743;PICTURE_743;scarecrow;;0;100;96;1;3;1;3
744;PICTURE_744;ring;;0,429325151;93,87755102;98;4;1;1;2,26
745;PICTURE_745;well;;0,14854949;97,87234043;94;2;3;3;3,222222222
746;PICTURE_746;bowling pin;;0,776555785;77,08333333;96;2;3;1;1,92
747;PICTURE_747;bath;;0,868721246;71;100;2;0;0;2,42
748;PICTURE_748;mussel;;1,713020808;45,45454545;88;4;12;0;3,21
749;PICTURE_749;bin;;1,129595547;75;100;4;0;0;3,08
750;PICTURE_750;kettle;;2,412596023;43,05555556;72;8;23;5;2,67
